month,day,data,median,LB,UB
9,29,16,16,NaN,NaN
10,6,20,20,NaN,NaN
10,13,5,5,NaN,NaN
10,20,6,6,NaN,NaN
10,27,6,6,NaN,NaN
11,3,2,2,NaN,NaN
11,10,1,1,NaN,NaN
11,17,0,0,NaN,NaN
11,24,0,0,NaN,NaN
12,1,2,2,NaN,NaN
12,8,2,2,0,12.6152202681718
12,15,2,2,0,17.0121884708264
12,22,2,2,0,20.3861008380085
12,29,2,2,0,23.2304405363436
