month,day,data,median,LB,UB
8,25,797,797,NaN,NaN
9,1,832,832,NaN,NaN
9,8,604,604,NaN,NaN
9,15,890,890,NaN,NaN
9,22,515,515,NaN,NaN
9,29,495,495,NaN,NaN
10,6,432,432,NaN,NaN
10,13,264,264,NaN,NaN
10,20,301,301,NaN,NaN
10,27,200,200,NaN,NaN
11,3,152.621727083213,152.621727083213,0,404.955654059318
11,10,66.8921997657234,66.8921997657234,0,329.25887650907
11,17,8.59220137453792,8.59220137453792,0,339.065311483557
11,24,0,0,0,278.539858811098
