month,day,data,median,LB,UB
8,25,60,60,NaN,NaN
9,1,61,61,NaN,NaN
9,8,32,32,NaN,NaN
9,15,42,42,NaN,NaN
9,22,26,26,NaN,NaN
9,29,11,11,NaN,NaN
10,6,11,11,NaN,NaN
10,13,0,0,NaN,NaN
10,20,26,26,NaN,NaN
10,27,0,0,NaN,NaN
11,3,0,0,0,35.158179977493
11,10,0,0,0,49.7211749525249
11,17,0,0,0,60.8957540226688
11,24,0,0,0,70.3163599549861
