month,day,data,median,LB,UB
8,25,73,73,NaN,NaN
9,1,71,71,NaN,NaN
9,8,68,68,NaN,NaN
9,15,33,33,NaN,NaN
9,22,50,50,NaN,NaN
9,29,19,19,NaN,NaN
10,6,0,0,NaN,NaN
10,13,32,32,NaN,NaN
10,20,12,12,NaN,NaN
10,27,3,3,NaN,NaN
11,3,3,3,0,46.1093340967874
11,10,3,3,0,63.9658049445496
11,17,3,3,0,77.6675569360972
11,24,3,3,0,89.2186681935748
