month,day,data,median,LB,UB
8,25,658,658,NaN,NaN
9,1,173,173,NaN,NaN
9,8,113,113,NaN,NaN
9,15,110,110,NaN,NaN
9,22,27,27,NaN,NaN
9,29,29,29,NaN,NaN
10,6,44,44,NaN,NaN
10,13,41,41,NaN,NaN
10,20,10,10,NaN,NaN
10,27,0,0,NaN,NaN
11,3,0,0,0,324.709529002461
11,10,0,0,0,459.20861974706
11,17,0,0,0,562.413401934023
11,24,0,0,0,649.419058004922
