month,day,data,median,LB,UB
8,25,117,117,NaN,NaN
9,1,44,44,NaN,NaN
9,8,37,37,NaN,NaN
9,15,37,37,NaN,NaN
9,22,30,30,NaN,NaN
9,29,16,16,NaN,NaN
10,6,20,20,NaN,NaN
10,13,5,5,NaN,NaN
10,20,6,6,NaN,NaN
10,27,6,6,NaN,NaN
11,3,6,6,0,56.033553818329
11,10,6,6,0,76.758130383605
11,17,6,6,0,92.6606572965776
11,24,6,6,0,106.067107636658
