month,day,data,median,LB,UB
8,25,259,259,NaN,NaN
9,1,206,206,NaN,NaN
9,8,198,198,NaN,NaN
9,15,136,136,NaN,NaN
9,22,66,66,NaN,NaN
9,29,60,60,NaN,NaN
10,6,30,30,NaN,NaN
10,13,38,38,NaN,NaN
10,20,40,40,NaN,NaN
10,27,0,0,NaN,NaN
11,3,0,0,0,28.2283667564917
11,10,0,0,0,23.0633071832327
11,17,0,0,0,12.4042053432541
11,24,0,0,0,0
