month,day,data,median,LB,UB
8,25,2638,2638,NaN,NaN
9,1,1857,1857,NaN,NaN
9,8,1983,1983,NaN,NaN
9,15,2206,2206,NaN,NaN
9,22,1129,1129,NaN,NaN
9,29,1554,1554,NaN,NaN
10,6,201,201,NaN,NaN
10,13,773,773,NaN,NaN
10,20,442,442,NaN,NaN
10,27,512,512,NaN,NaN
11,3,512,512,0,1864.92435781038
11,10,512,512,0,2425.32397568035
11,17,512,512,0,2855.33372652508
11,24,512,512,0,3217.84871562077
