month,day,data,median,LB,UB
8,25,6006,6006,NaN,NaN
9,1,4324,4324,NaN,NaN
9,8,4326,4326,NaN,NaN
9,15,5091,5091,NaN,NaN
9,22,3339,3339,NaN,NaN
9,29,3440,3440,NaN,NaN
10,6,1533,1533,NaN,NaN
10,13,2619,2619,NaN,NaN
10,20,1625,1625,NaN,NaN
10,27,1165,1165,NaN,NaN
11,3,1165,1165,0,3475.74268473068
11,10,1165,1165,0,4432.88364390055
11,17,1165,1165,0,5167.32373317165
11,24,1165,1165,0,5786.48536946136
