fcst$mean,lower.10%,lower.20%,lower.30%,lower.40%,lower.50%,lower.60%,lower.70%,lower.80%,lower.90%,fcst$lower.95%,lower.98%,upper.10%,upper.20%,upper.30%,upper.40%,upper.50%,upper.60%,upper.70%,upper.80%,upper.90%,fcst$upper.95%,upper.98%
29,16.4429256066524,3.68355623241609,0,0,0,0,0,0,0,0,0,41.5570743933476,54.3164437675839,67.5042647007395,81.402241538752,96.4003437232826,113.101441735974,132.568611202558,157.062755574427,193.366767321205,224.855083349822,261.467055703512
29,11.2416150891999,0,0,0,0,0,0,0,0,0,0,46.7583849108001,64.802858127173,83.4532533489895,103.107960682854,124.318480202075,147.937399518145,175.468134598803,210.108085768225,261.449711549071,305.980915133031,357.758062980848
29,7.25050915629984,0,0,0,0,0,0,0,0,0,0,50.7494908437002,72.8493668724158,95.6913427697617,119.763344775615,145.740819776331,174.667970076501,208.386096672177,250.811199212182,313.691592076179,368.230955282529,431.644751564427
29,3.88585121330483,0,0,0,0,0,0,0,0,0,0,54.1141487866952,79.6328875351678,106.008529401479,133.804483077504,163.800687446565,197.202883471948,236.137222405115,285.125511148854,357.73353464241,420.710166699644,493.934111407024
