fcst$mean,lower.10%,lower.20%,lower.30%,lower.40%,lower.50%,lower.60%,lower.70%,lower.80%,lower.90%,fcst$lower.95%,lower.98%,upper.10%,upper.20%,upper.30%,upper.40%,upper.50%,upper.60%,upper.70%,upper.80%,upper.90%,fcst$upper.95%,upper.98%
0,0,0,0,0,0,0,0,0,0,0,0,3.33838060918469,6.73054266621142,10.2366113810683,13.9314797022673,17.9188235643004,22.3589200398935,27.5343947585416,34.0463237356399,43.6979834339582,52.0693588318378,61.8028918779043
0,0,0,0,0,0,0,0,0,0,0,0,4.72118313387235,9.51842472068696,14.4767546478496,19.7020875388719,25.3410433064042,31.6202879604329,38.9395144992642,48.1487727758869,61.7982808206586,73.6371934440563,87.4024878876103
0,0,0,0,0,0,0,0,0,0,0,0,5.78224483011063,11.6576418603883,17.7303310093482,24.1300306689415,31.0363128252307,38.7267855114654,47.6909706774523,58.9699625210665,75.6871274959188,90.1867750142783,107.045748787216
0,0,0,0,0,0,0,0,0,0,0,0,6.67676121836939,13.4610853324228,20.4732227621367,27.8629594045346,35.8376471286008,44.7178400797869,55.0687895170833,68.0926474712797,87.3959668679165,104.138717663676,123.605783755809
