fcst$mean,lower.10%,lower.20%,lower.30%,lower.40%,lower.50%,lower.60%,lower.70%,lower.80%,lower.90%,fcst$lower.95%,lower.98%,upper.10%,upper.20%,upper.30%,upper.40%,upper.50%,upper.60%,upper.70%,upper.80%,upper.90%,fcst$upper.95%,upper.98%
221,202.568155918013,183.839374075725,164.481691576857,144.081609988664,122.066714453966,97.5520843000676,68.9772888432718,33.0236713172707,0,0,0,239.431844081987,258.160625924275,277.518308423143,297.918390011336,319.933285546034,344.447915699932,373.022711156728,408.976328682729,462.265005894177,508.484986222656,562.225701999153
221,194.933436119708,168.446938831617,141.071041705606,112.220969650065,81.0872058106689,46.4182833704651,6.00742009342733,0,0,0,0,247.066563880292,273.553061168383,300.928958294394,329.779030349935,360.912794189331,395.581716629535,435.992579906573,486.838673428218,562.200243461569,627.565166494723,703.566015597482
221,189.075109572812,156.635907858094,123.107418253268,87.7734404639669,49.6425228745499,7.1819379192375,0,0,0,0,0,252.924890427188,285.364092141906,318.892581746732,354.226559536033,392.35747712545,434.818062080763,484.311059627821,546.584551898754,638.883248297118,718.938602550879,812.020252710889
221,184.136311836027,146.678748151449,107.963383153714,67.1632199773271,23.1334289079325,0,0,0,0,0,0,257.863688163973,295.321251848551,334.036616846286,374.836780022673,418.866571092068,467.895831399865,525.045422313457,596.952657365459,703.530011788353,795.969972445312,903.451403998305
