fcst$mean,lower.10%,lower.20%,lower.30%,lower.40%,lower.50%,lower.60%,lower.70%,lower.80%,lower.90%,fcst$lower.95%,lower.98%,upper.10%,upper.20%,upper.30%,upper.40%,upper.50%,upper.60%,upper.70%,upper.80%,upper.90%,fcst$upper.95%,upper.98%
13,8.59029553340929,4.10955054791662,0,0,0,0,0,0,0,0,0,17.4097044665907,21.8904494520834,26.5216550220961,31.4022481140368,36.6691754349855,42.5341487716531,49.3704914944572,57.972171667601,70.7211574377054,81.779001286299,94.636134481615
13,6.7637361372902,0.427005809271225,0,0,0,0,0,0,0,0,0,19.2362638627098,25.5729941907288,32.1225079179785,39.0247088610255,46.4732689103446,54.7675937460165,64.4356423416367,76.6002551016924,94.6300436842756,110.268196425561,128.450928563614
13,5.36216781750147,0,0,0,0,0,0,0,0,0,0,20.6378321824985,28.3987101531313,36.4201935006892,44.8736287070002,53.9962144266561,64.1546462308012,75.9955391646516,90.8940862549945,112.975977353788,132.128724721715,154.397932655683
13,4.18059106681858,0,0,0,0,0,0,0,0,0,0,21.8194089331814,30.7808989041668,40.0433100441921,49.8044962280735,60.338350869971,72.0682975433063,85.7409829889145,102.944343335202,128.442314875411,150.558002572598,176.27226896323
